traveller_id,cus_o,cus_d,highest_pl,whether_request
t288,Halvtolv 19,Drechselsgade 13,3,Y
t891,Egirsgade 65,Vigerslev Venge 60,None,N
t509,Esthersvej 34,Bispebjerg Bakke 22,3,Y
t1197,Soborg Hovedgade 88 /Carl Blochs Alle (p plads),Borgbjergsvej 43,4,Y
t1389,Dronninglundvej 12,Soborg Hovedgade 88 /Carl Blochs Alle (p plads),2,Y
t301,Halvtolv 19,Soborg Hovedgade 88 /Carl Blochs Alle (p plads),None,N
t678,Orientkaj 4,Drechselsgade 13,None,N
t723,Orientkaj 4,Egirsgade 65,None,N
t1434,Dronninglundvej 12,Westend 8,None,N
t1249,Borgbjergsvej 43,Halvtolv 19,None,N
t1130,Soborg Hovedgade 88 /Carl Blochs Alle (p plads),Albaniensgade 4,None,N
t1167,Soborg Hovedgade 88 /Carl Blochs Alle (p plads),Albaniensgade 4,None,N
t622,Drechselsgade 13,Westend 8,None,N
t558,Husumvej (overfor 131),Esthersvej 34,None,N
t3,Albaniensgade 4,Nesbyholmvej 1,None,N
t847,Egirsgade 65,Soborg Hovedgade 88 /Carl Blochs Alle (p plads),None,N
t673,Orientkaj 4,Amalievej 1,None,N
t990,Arne Jacobsens Alle 7,Drechselsgade 13,None,N
t661,Drechselsgade 13,Westend 8,None,N
t296,Halvtolv 19,Borups Plads (overfor Stefansgade 73),None,N
t720,Orientkaj 4,Bygmestervej 59,None,N
t606,Drechselsgade 13,Egirsgade 65,None,N
t988,Arne Jacobsens Alle 7,Esthersvej 34,None,N
t832,Egirsgade 65,Esthersvej 34,None,N
t1290,Vigerslev Venge 60,Solvgade 11,None,N
t949,Borups Plads (overfor Stefansgade 73),Esthersvej 34,None,N
t607,Drechselsgade 13,Borups Plads (overfor Stefansgade 73),None,N
t900,Borups Plads (overfor Stefansgade 73),Bispebjerg Bakke 22,None,N
t482,Esthersvej 34,Drechselsgade 13,4,Y
t55,Albaniensgade 4,Orientkaj 4,2,Y
t553,Husumvej (overfor 131),Halvtolv 19,None,N
t1372,Dronninglundvej 12,Esthersvej 34,None,N
t1258,Borgbjergsvej 43,Drechselsgade 13,4,Y
t1162,Soborg Hovedgade 88 /Carl Blochs Alle (p plads),Dronninglundvej 12,None,N
t146,Bispebjerg Bakke 22,Soborg Hovedgade 88 /Carl Blochs Alle (p plads),None,N
t1384,Dronninglundvej 12,Arne Jacobsens Alle 7,None,N
t567,Husumvej (overfor 131),Egirsgade 65,2,Y
t115,Bispebjerg Bakke 22,Westend 8,None,N
t341,Solvgade 11,Soborg Hovedgade 88 /Carl Blochs Alle (p plads),None,N
t938,Borups Plads (overfor Stefansgade 73),Bispebjerg Bakke 22,None,N
t563,Husumvej (overfor 131),Orientkaj 4,None,N
t353,Solvgade 11,Bispebjerg Bakke 22,None,N
t130,Bispebjerg Bakke 22,Husumvej (overfor 131),2,Y
t1339,Vigerslev Venge 60,Bygmestervej 59,None,N
t498,Esthersvej 34,Borgbjergsvej 43,None,N
t890,Egirsgade 65,Vigerslev Venge 60,None,N
t562,Husumvej (overfor 131),Orientkaj 4,None,N
t638,Drechselsgade 13,Husumvej (overfor 131),None,N
t59,Albaniensgade 4,Egirsgade 65,1,Y
t1338,Vigerslev Venge 60,Orientkaj 4,None,N
t182,Nesbyholmvej 1,Frederik Vs Vej 13  (Rigshospital P huset),None,N
t1106,Frederik Vs Vej 13  (Rigshospital P huset),Drechselsgade 13,None,N
t654,Drechselsgade 13,Borgbjergsvej 43,4,Y
t313,Solvgade 11,Albaniensgade 4,None,N
t689,Orientkaj 4,Frederik Vs Vej 13  (Rigshospital P huset),None,N
t1203,Soborg Hovedgade 88 /Carl Blochs Alle (p plads),Westend 8,None,N
t1369,Dronninglundvej 12,Amalievej 1,None,N
t356,Solvgade 11,Nesbyholmvej 1,None,N
t116,Bispebjerg Bakke 22,Westend 8,None,N
t1213,Borgbjergsvej 43,Solvgade 11,None,N
t143,Bispebjerg Bakke 22,Frederik Vs Vej 13  (Rigshospital P huset),None,N
t669,Orientkaj 4,Halvtolv 19,None,N
t903,Borups Plads (overfor Stefansgade 73),Halvtolv 19,None,N
t41,Albaniensgade 4,Bispebjerg Bakke 22,None,N
t830,Egirsgade 65,Amalievej 1,None,N
t1430,Dronninglundvej 12,Vigerslev Venge 60,None,N
t61,Albaniensgade 4,Borups Plads (overfor Stefansgade 73),1,Y
t413,Amalievej 1,Borups Plads (overfor Stefansgade 73),None,N
t871,Egirsgade 65,Esthersvej 34,None,N
t1136,Soborg Hovedgade 88 /Carl Blochs Alle (p plads),Halvtolv 19,None,N
t452,Amalievej 1,Borups Plads (overfor Stefansgade 73),None,N
t976,Arne Jacobsens Alle 7,Albaniensgade 4,None,N
t1189,Soborg Hovedgade 88 /Carl Blochs Alle (p plads),Egirsgade 65,None,N
t663,Orientkaj 4,Albaniensgade 4,None,N
t643,Drechselsgade 13,Bygmestervej 59,None,N
t360,Solvgade 11,Amalievej 1,None,N
t518,Esthersvej 34,Amalievej 1,1,Y
t186,Nesbyholmvej 1,Borgbjergsvej 43,None,N
t300,Halvtolv 19,Frederik Vs Vej 13  (Rigshospital P huset),None,N
t388,Solvgade 11,Westend 8,None,N
t653,Drechselsgade 13,Soborg Hovedgade 88 /Carl Blochs Alle (p plads),3,Y
t157,Nesbyholmvej 1,Albaniensgade 4,None,N
t1377,Dronninglundvej 12,Orientkaj 4,None,N
t970,Borups Plads (overfor Stefansgade 73),Dronninglundvej 12,None,N
t640,Drechselsgade 13,Orientkaj 4,None,N
t1424,Dronninglundvej 12,Frederik Vs Vej 13  (Rigshospital P huset),None,N
t1371,Dronninglundvej 12,Esthersvej 34,None,N
t751,Bygmestervej 59,Amalievej 1,3,Y
t79,Bispebjerg Bakke 22,Albaniensgade 4,None,N
t473,Esthersvej 34,Nesbyholmvej 1,None,N
t258,Halvtolv 19,Arne Jacobsens Alle 7,None,N
t308,Halvtolv 19,Dronninglundvej 12,None,N
t657,Drechselsgade 13,Vigerslev Venge 60,None,N
t1174,Soborg Hovedgade 88 /Carl Blochs Alle (p plads),Halvtolv 19,None,N
t1488,Westend 8,Husumvej (overfor 131),None,N
t1471,Westend 8,Dronninglundvej 12,2,Y
t979,Arne Jacobsens Alle 7,Nesbyholmvej 1,None,N
t200,Nesbyholmvej 1,Halvtolv 19,None,N
t1298,Vigerslev Venge 60,Orientkaj 4,None,N
t421,Amalievej 1,Borgbjergsvej 43,None,N
t1284,Vigerslev Venge 60,Bispebjerg Bakke 22,None,N
t1231,Borgbjergsvej 43,Arne Jacobsens Alle 7,None,N
t287,Halvtolv 19,Drechselsgade 13,None,N
t1260,Borgbjergsvej 43,Orientkaj 4,None,N
t273,Halvtolv 19,Albaniensgade 4,None,N
t1366,Dronninglundvej 12,Halvtolv 19,None,N
t1486,Westend 8,Esthersvej 34,None,N
t62,Albaniensgade 4,Borups Plads (overfor Stefansgade 73),1,Y
t967,Borups Plads (overfor Stefansgade 73),Borgbjergsvej 43,1,Y
t951,Borups Plads (overfor Stefansgade 73),Drechselsgade 13,None,N
t769,Bygmestervej 59,Soborg Hovedgade 88 /Carl Blochs Alle (p plads),4,Y
t843,Egirsgade 65,Arne Jacobsens Alle 7,None,N
t7,Albaniensgade 4,Solvgade 11,None,N
t250,Halvtolv 19,Orientkaj 4,None,N
t355,Solvgade 11,Nesbyholmvej 1,None,N
t490,Esthersvej 34,Borups Plads (overfor Stefansgade 73),None,N
t249,Halvtolv 19,Drechselsgade 13,None,N
t381,Solvgade 11,Borgbjergsvej 43,None,N
t1404,Dronninglundvej 12,Halvtolv 19,None,N
t469,Esthersvej 34,Albaniensgade 4,None,N
t371,Solvgade 11,Egirsgade 65,None,N
t1228,Borgbjergsvej 43,Borups Plads (overfor Stefansgade 73),None,N
t1348,Vigerslev Venge 60,Frederik Vs Vej 13  (Rigshospital P huset),None,N
t477,Esthersvej 34,Solvgade 11,None,N
t1104,Frederik Vs Vej 13  (Rigshospital P huset),Esthersvej 34,2,Y
t161,Nesbyholmvej 1,Halvtolv 19,None,N
t624,Drechselsgade 13,Albaniensgade 4,None,N
t264,Halvtolv 19,Borgbjergsvej 43,None,N
t1183,Soborg Hovedgade 88 /Carl Blochs Alle (p plads),Drechselsgade 13,None,N
t91,Bispebjerg Bakke 22,Husumvej (overfor 131),None,N
t1270,Borgbjergsvej 43,Frederik Vs Vej 13  (Rigshospital P huset),None,N
t1118,Frederik Vs Vej 13  (Rigshospital P huset),Soborg Hovedgade 88 /Carl Blochs Alle (p plads),None,N
t733,Orientkaj 4,Borgbjergsvej 43,None,N
t470,Esthersvej 34,Bispebjerg Bakke 22,None,N
t254,Halvtolv 19,Egirsgade 65,None,N
t345,Solvgade 11,Vigerslev Venge 60,None,N
t450,Amalievej 1,Egirsgade 65,3,Y
t47,Albaniensgade 4,Solvgade 11,None,N
t602,Drechselsgade 13,Orientkaj 4,None,N
t516,Esthersvej 34,Solvgade 11,None,N
t962,Borups Plads (overfor Stefansgade 73),Frederik Vs Vej 13  (Rigshospital P huset),None,N
t818,Bygmestervej 59,Westend 8,None,N
t766,Bygmestervej 59,Arne Jacobsens Alle 7,None,N
t235,Halvtolv 19,Albaniensgade 4,None,N
t796,Bygmestervej 59,Drechselsgade 13,None,N
t28,Albaniensgade 4,Soborg Hovedgade 88 /Carl Blochs Alle (p plads),None,N
t1233,Borgbjergsvej 43,Frederik Vs Vej 13  (Rigshospital P huset),None,N
t835,Egirsgade 65,Drechselsgade 13,None,N
t407,Amalievej 1,Orientkaj 4,None,N
t1349,Vigerslev Venge 60,Soborg Hovedgade 88 /Carl Blochs Alle (p plads),None,N
t1157,Soborg Hovedgade 88 /Carl Blochs Alle (p plads),Frederik Vs Vej 13  (Rigshospital P huset),1,Y
t1528,Westend 8,Drechselsgade 13,None,N
t820,Egirsgade 65,Albaniensgade 4,4,Y
t1180,Soborg Hovedgade 88 /Carl Blochs Alle (p plads),Esthersvej 34,4,Y
t1111,Frederik Vs Vej 13  (Rigshospital P huset),Bygmestervej 59,None,N
t945,Borups Plads (overfor Stefansgade 73),Solvgade 11,None,N
t1531,Westend 8,Orientkaj 4,None,N
t118,Bispebjerg Bakke 22,Albaniensgade 4,None,N
t933,Borups Plads (overfor Stefansgade 73),Westend 8,None,N
t387,Solvgade 11,Westend 8,None,N
t1173,Soborg Hovedgade 88 /Carl Blochs Alle (p plads),Halvtolv 19,None,N
t22,Albaniensgade 4,Borups Plads (overfor Stefansgade 73),None,N
t392,Amalievej 1,Bispebjerg Bakke 22,None,N
t289,Halvtolv 19,Orientkaj 4,None,N
t921,Borups Plads (overfor Stefansgade 73),Arne Jacobsens Alle 7,None,N
t6,Albaniensgade 4,Halvtolv 19,None,N
t740,Orientkaj 4,Westend 8,None,N
t198,Nesbyholmvej 1,Bispebjerg Bakke 22,3,Y
t151,Bispebjerg Bakke 22,Dronninglundvej 12,None,N
t475,Esthersvej 34,Halvtolv 19,None,N
t757,Bygmestervej 59,Drechselsgade 13,4,Y
t1257,Borgbjergsvej 43,Husumvej (overfor 131),4,Y
t367,Solvgade 11,Orientkaj 4,None,N
t642,Drechselsgade 13,Bygmestervej 59,None,N
t107,Bispebjerg Bakke 22,Soborg Hovedgade 88 /Carl Blochs Alle (p plads),3,Y
t1503,Westend 8,Soborg Hovedgade 88 /Carl Blochs Alle (p plads),3,Y
t1137,Soborg Hovedgade 88 /Carl Blochs Alle (p plads),Solvgade 11,None,N
t1283,Vigerslev Venge 60,Bispebjerg Bakke 22,None,N
t1399,Dronninglundvej 12,Bispebjerg Bakke 22,None,N
t1431,Dronninglundvej 12,Vigerslev Venge 60,2,Y
t1101,Frederik Vs Vej 13  (Rigshospital P huset),Amalievej 1,None,N
t973,Borups Plads (overfor Stefansgade 73),Westend 8,None,N
t1527,Westend 8,Husumvej (overfor 131),None,N
t31,Albaniensgade 4,Borgbjergsvej 43,None,N
t216,Nesbyholmvej 1,Egirsgade 65,None,N
t738,Orientkaj 4,Westend 8,None,N
t1518,Westend 8,Nesbyholmvej 1,None,N
t617,Drechselsgade 13,Vigerslev Venge 60,None,N
t634,Drechselsgade 13,Amalievej 1,2,Y
t487,Esthersvej 34,Bygmestervej 59,None,N
t1428,Dronninglundvej 12,Borgbjergsvej 43,4,Y
t824,Egirsgade 65,Nesbyholmvej 1,None,N
t1477,Westend 8,Bispebjerg Bakke 22,None,N
t1133,Soborg Hovedgade 88 /Carl Blochs Alle (p plads),Nesbyholmvej 1,None,N
t1496,Westend 8,Egirsgade 65,None,N
t144,Bispebjerg Bakke 22,Frederik Vs Vej 13  (Rigshospital P huset),None,N
t865,Egirsgade 65,Halvtolv 19,None,N
t1406,Dronninglundvej 12,Solvgade 11,None,N
t64,Albaniensgade 4,Arne Jacobsens Alle 7,None,N
t1123,Frederik Vs Vej 13  (Rigshospital P huset),Vigerslev Venge 60,None,N
t507,Esthersvej 34,Albaniensgade 4,None,N
t411,Amalievej 1,Egirsgade 65,None,N
t109,Bispebjerg Bakke 22,Borgbjergsvej 43,None,N
t394,Amalievej 1,Nesbyholmvej 1,None,N
t142,Bispebjerg Bakke 22,Arne Jacobsens Alle 7,None,N
t521,Esthersvej 34,Drechselsgade 13,None,N
t758,Bygmestervej 59,Orientkaj 4,None,N
t542,Esthersvej 34,Dronninglundvej 12,2,Y
t1267,Borgbjergsvej 43,Borups Plads (overfor Stefansgade 73),None,N
t618,Drechselsgade 13,Vigerslev Venge 60,None,N
t667,Orientkaj 4,Nesbyholmvej 1,None,N
t274,Halvtolv 19,Albaniensgade 4,1,Y
t1403,Dronninglundvej 12,Halvtolv 19,None,N
t1546,Westend 8,Vigerslev Venge 60,None,N
t535,Esthersvej 34,Soborg Hovedgade 88 /Carl Blochs Alle (p plads),4,Y
t992,Arne Jacobsens Alle 7,Orientkaj 4,None,N
t811,Bygmestervej 59,Borgbjergsvej 43,None,N
t1176,Soborg Hovedgade 88 /Carl Blochs Alle (p plads),Solvgade 11,None,N
t503,Esthersvej 34,Dronninglundvej 12,1,Y
t690,Orientkaj 4,Frederik Vs Vej 13  (Rigshospital P huset),1,Y
t541,Esthersvej 34,Dronninglundvej 12,None,N
t172,Nesbyholmvej 1,Orientkaj 4,None,N
t857,Egirsgade 65,Westend 8,None,N
t284,Halvtolv 19,Esthersvej 34,None,N
t682,Orientkaj 4,Bygmestervej 59,1,Y
t1331,Vigerslev Venge 60,Amalievej 1,None,N
t244,Halvtolv 19,Amalievej 1,None,N
t767,Bygmestervej 59,Frederik Vs Vej 13  (Rigshospital P huset),None,N
t1392,Dronninglundvej 12,Vigerslev Venge 60,None,N
t591,Drechselsgade 13,Halvtolv 19,None,N
t154,Bispebjerg Bakke 22,Westend 8,None,N
t147,Bispebjerg Bakke 22,Borgbjergsvej 43,None,N
t1281,Vigerslev Venge 60,Albaniensgade 4,None,N
t1362,Dronninglundvej 12,Bispebjerg Bakke 22,None,N
t1436,Westend 8,Albaniensgade 4,4,Y
t310,Halvtolv 19,Westend 8,1,Y
t867,Egirsgade 65,Solvgade 11,None,N
t336,Solvgade 11,Arne Jacobsens Alle 7,None,N
t1209,Borgbjergsvej 43,Nesbyholmvej 1,None,N
t587,Drechselsgade 13,Bispebjerg Bakke 22,None,N
t375,Solvgade 11,Arne Jacobsens Alle 7,None,N
t714,Orientkaj 4,Esthersvej 34,None,N
t1256,Borgbjergsvej 43,Esthersvej 34,None,N
t286,Halvtolv 19,Husumvej (overfor 131),None,N
t104,Bispebjerg Bakke 22,Frederik Vs Vej 13  (Rigshospital P huset),None,N
t954,Borups Plads (overfor Stefansgade 73),Orientkaj 4,None,N
t83,Bispebjerg Bakke 22,Halvtolv 19,None,N
t1306,Vigerslev Venge 60,Arne Jacobsens Alle 7,None,N
t1164,Soborg Hovedgade 88 /Carl Blochs Alle (p plads),Westend 8,None,N
t105,Bispebjerg Bakke 22,Frederik Vs Vej 13  (Rigshospital P huset),None,N
t125,Bispebjerg Bakke 22,Solvgade 11,None,N
t1263,Borgbjergsvej 43,Bygmestervej 59,None,N
t57,Albaniensgade 4,Bygmestervej 59,None,N
t1516,Westend 8,Bispebjerg Bakke 22,None,N
t1238,Borgbjergsvej 43,Dronninglundvej 12,None,N
t1117,Frederik Vs Vej 13  (Rigshospital P huset),Arne Jacobsens Alle 7,None,N
t1138,Soborg Hovedgade 88 /Carl Blochs Alle (p plads),Solvgade 11,None,N
t1178,Soborg Hovedgade 88 /Carl Blochs Alle (p plads),Amalievej 1,None,N
t1494,Westend 8,Bygmestervej 59,None,N
t127,Bispebjerg Bakke 22,Amalievej 1,None,N
t1327,Vigerslev Venge 60,Halvtolv 19,None,N
t1155,Soborg Hovedgade 88 /Carl Blochs Alle (p plads),Arne Jacobsens Alle 7,None,N
t256,Halvtolv 19,Borups Plads (overfor Stefansgade 73),None,N
t1468,Westend 8,Vigerslev Venge 60,None,N
t66,Albaniensgade 4,Frederik Vs Vej 13  (Rigshospital P huset),2,Y
t849,Egirsgade 65,Borgbjergsvej 43,None,N
t592,Drechselsgade 13,Halvtolv 19,None,N
t1479,Westend 8,Nesbyholmvej 1,2,Y
t221,Nesbyholmvej 1,Frederik Vs Vej 13  (Rigshospital P huset),None,N
t539,Esthersvej 34,Vigerslev Venge 60,None,N
t978,Arne Jacobsens Alle 7,Bispebjerg Bakke 22,None,N
t1315,Vigerslev Venge 60,Dronninglundvej 12,None,N
t670,Orientkaj 4,Halvtolv 19,None,N
t84,Bispebjerg Bakke 22,Halvtolv 19,None,N
t453,Amalievej 1,Arne Jacobsens Alle 7,None,N
t222,Nesbyholmvej 1,Frederik Vs Vej 13  (Rigshospital P huset),None,N
t255,Halvtolv 19,Egirsgade 65,None,N
t948,Borups Plads (overfor Stefansgade 73),Esthersvej 34,1,Y
t379,Solvgade 11,Soborg Hovedgade 88 /Carl Blochs Alle (p plads),None,N
t1453,Westend 8,Orientkaj 4,None,N
t863,Egirsgade 65,Nesbyholmvej 1,None,N
t550,Husumvej (overfor 131),Nesbyholmvej 1,None,N
t1282,Vigerslev Venge 60,Albaniensgade 4,None,N
t1347,Vigerslev Venge 60,Frederik Vs Vej 13  (Rigshospital P huset),None,N
t10,Albaniensgade 4,Amalievej 1,None,N
t930,Borups Plads (overfor Stefansgade 73),Vigerslev Venge 60,None,N
t1359,Dronninglundvej 12,Albaniensgade 4,None,N
t1247,Borgbjergsvej 43,Nesbyholmvej 1,None,N
t632,Drechselsgade 13,Solvgade 11,None,N
t335,Solvgade 11,Borups Plads (overfor Stefansgade 73),None,N
t237,Halvtolv 19,Bispebjerg Bakke 22,None,N
t1089,Frederik Vs Vej 13  (Rigshospital P huset),Westend 8,None,N
t90,Bispebjerg Bakke 22,Esthersvej 34,None,N
t631,Drechselsgade 13,Halvtolv 19,None,N
t725,Orientkaj 4,Borups Plads (overfor Stefansgade 73),None,N
t1225,Borgbjergsvej 43,Bygmestervej 59,None,N
t641,Drechselsgade 13,Orientkaj 4,None,N
t1480,Westend 8,Halvtolv 19,None,N
t1088,Frederik Vs Vej 13  (Rigshospital P huset),Westend 8,None,N
t430,Amalievej 1,Albaniensgade 4,2,Y
t781,Bygmestervej 59,Albaniensgade 4,4,Y
t1462,Westend 8,Frederik Vs Vej 13  (Rigshospital P huset),None,N
t616,Drechselsgade 13,Borgbjergsvej 43,1,Y
t404,Amalievej 1,Drechselsgade 13,None,N
t369,Solvgade 11,Bygmestervej 59,None,N
t737,Orientkaj 4,Dronninglundvej 12,None,N
t658,Drechselsgade 13,Dronninglundvej 12,None,N
t872,Egirsgade 65,Husumvej (overfor 131),None,N
t506,Esthersvej 34,Westend 8,None,N
t706,Orientkaj 4,Nesbyholmvej 1,None,N
t831,Egirsgade 65,Esthersvej 34,None,N
t70,Albaniensgade 4,Borgbjergsvej 43,None,N
t561,Husumvej (overfor 131),Drechselsgade 13,4,Y
t1285,Vigerslev Venge 60,Nesbyholmvej 1,None,N
t1336,Vigerslev Venge 60,Drechselsgade 13,1,Y
t1161,Soborg Hovedgade 88 /Carl Blochs Alle (p plads),Vigerslev Venge 60,2,Y
t668,Orientkaj 4,Nesbyholmvej 1,None,N
t1177,Soborg Hovedgade 88 /Carl Blochs Alle (p plads),Amalievej 1,None,N
t747,Bygmestervej 59,Halvtolv 19,1,Y
t912,Borups Plads (overfor Stefansgade 73),Drechselsgade 13,2,Y
t163,Nesbyholmvej 1,Solvgade 11,None,N
t712,Orientkaj 4,Amalievej 1,None,N
t1544,Westend 8,Borgbjergsvej 43,None,N
t1312,Vigerslev Venge 60,Borgbjergsvej 43,None,N
t309,Halvtolv 19,Westend 8,None,N
t128,Bispebjerg Bakke 22,Esthersvej 34,4,Y
t1080,Frederik Vs Vej 13  (Rigshospital P huset),Soborg Hovedgade 88 /Carl Blochs Alle (p plads),3,Y
t321,Solvgade 11,Amalievej 1,None,N
t524,Esthersvej 34,Orientkaj 4,None,N
t1365,Dronninglundvej 12,Halvtolv 19,None,N
t925,Borups Plads (overfor Stefansgade 73),Soborg Hovedgade 88 /Carl Blochs Alle (p plads),4,Y
t924,Borups Plads (overfor Stefansgade 73),Frederik Vs Vej 13  (Rigshospital P huset),None,N
t556,Husumvej (overfor 131),Amalievej 1,None,N
t1237,Borgbjergsvej 43,Vigerslev Venge 60,None,N
t864,Egirsgade 65,Halvtolv 19,None,N
t94,Bispebjerg Bakke 22,Orientkaj 4,None,N
t927,Borups Plads (overfor Stefansgade 73),Borgbjergsvej 43,None,N
t853,Egirsgade 65,Dronninglundvej 12,None,N
t463,Amalievej 1,Dronninglundvej 12,None,N
t666,Orientkaj 4,Bispebjerg Bakke 22,1,Y
t285,Halvtolv 19,Esthersvej 34,None,N
t1540,Westend 8,Frederik Vs Vej 13  (Rigshospital P huset),None,N
t532,Esthersvej 34,Arne Jacobsens Alle 7,None,N
t1549,Westend 8,Dronninglundvej 12,None,N
t1470,Westend 8,Dronninglundvej 12,None,N
t494,Esthersvej 34,Frederik Vs Vej 13  (Rigshospital P huset),None,N
t368,Solvgade 11,Orientkaj 4,None,N
t726,Orientkaj 4,Arne Jacobsens Alle 7,None,N
t30,Albaniensgade 4,Borgbjergsvej 43,None,N
t1335,Vigerslev Venge 60,Drechselsgade 13,None,N
t1152,Soborg Hovedgade 88 /Carl Blochs Alle (p plads),Borups Plads (overfor Stefansgade 73),None,N
t564,Husumvej (overfor 131),Bygmestervej 59,4,Y
t1541,Westend 8,Frederik Vs Vej 13  (Rigshospital P huset),None,N
t1542,Westend 8,Soborg Hovedgade 88 /Carl Blochs Alle (p plads),4,Y
t729,Orientkaj 4,Frederik Vs Vej 13  (Rigshospital P huset),2,Y
t42,Albaniensgade 4,Nesbyholmvej 1,None,N
t17,Albaniensgade 4,Orientkaj 4,None,N
t1521,Westend 8,Solvgade 11,None,N
t1172,Soborg Hovedgade 88 /Carl Blochs Alle (p plads),Nesbyholmvej 1,4,Y
t1304,Vigerslev Venge 60,Borups Plads (overfor Stefansgade 73),None,N
t1288,Vigerslev Venge 60,Halvtolv 19,None,N
t590,Drechselsgade 13,Nesbyholmvej 1,None,N
t721,Orientkaj 4,Bygmestervej 59,None,N
t697,Orientkaj 4,Dronninglundvej 12,None,N
t589,Drechselsgade 13,Nesbyholmvej 1,None,N
t593,Drechselsgade 13,Solvgade 11,None,N
t1243,Borgbjergsvej 43,Albaniensgade 4,2,Y
t995,Arne Jacobsens Alle 7,Bygmestervej 59,None,N
t495,Esthersvej 34,Frederik Vs Vej 13  (Rigshospital P huset),None,N
t276,Halvtolv 19,Bispebjerg Bakke 22,None,N
t1391,Dronninglundvej 12,Borgbjergsvej 43,None,N
t652,Drechselsgade 13,Soborg Hovedgade 88 /Carl Blochs Alle (p plads),4,Y
t660,Drechselsgade 13,Westend 8,None,N
t11,Albaniensgade 4,Esthersvej 34,None,N
t827,Egirsgade 65,Solvgade 11,None,N
t1207,Borgbjergsvej 43,Bispebjerg Bakke 22,None,N
t989,Arne Jacobsens Alle 7,Husumvej (overfor 131),None,N
t67,Albaniensgade 4,Soborg Hovedgade 88 /Carl Blochs Alle (p plads),None,N
t1181,Soborg Hovedgade 88 /Carl Blochs Alle (p plads),Husumvej (overfor 131),4,Y
t1303,Vigerslev Venge 60,Egirsgade 65,None,N
t915,Borups Plads (overfor Stefansgade 73),Orientkaj 4,None,N
t862,Egirsgade 65,Nesbyholmvej 1,None,N
t1205,Borgbjergsvej 43,Albaniensgade 4,None,N
t787,Bygmestervej 59,Halvtolv 19,None,N
t184,Nesbyholmvej 1,Soborg Hovedgade 88 /Carl Blochs Alle (p plads),None,N
t253,Halvtolv 19,Bygmestervej 59,None,N
t1092,Frederik Vs Vej 13  (Rigshospital P huset),Albaniensgade 4,2,Y
t213,Nesbyholmvej 1,Bygmestervej 59,4,Y
t408,Amalievej 1,Bygmestervej 59,None,N
t1153,Soborg Hovedgade 88 /Carl Blochs Alle (p plads),Borups Plads (overfor Stefansgade 73),None,N
t555,Husumvej (overfor 131),Solvgade 11,None,N
t327,Solvgade 11,Drechselsgade 13,None,N
t718,Orientkaj 4,Drechselsgade 13,None,N
t906,Borups Plads (overfor Stefansgade 73),Solvgade 11,None,N
t922,Borups Plads (overfor Stefansgade 73),Arne Jacobsens Alle 7,None,N
t1328,Vigerslev Venge 60,Solvgade 11,None,N
t1498,Westend 8,Borups Plads (overfor Stefansgade 73),None,N
t1248,Borgbjergsvej 43,Nesbyholmvej 1,1,Y
t1325,Vigerslev Venge 60,Nesbyholmvej 1,None,N
t1294,Vigerslev Venge 60,Esthersvej 34,None,N
t155,Bispebjerg Bakke 22,Westend 8,None,N
t1395,Dronninglundvej 12,Westend 8,None,N
t790,Bygmestervej 59,Amalievej 1,4,Y
t35,Albaniensgade 4,Dronninglundvej 12,None,N
t153,Bispebjerg Bakke 22,Westend 8,None,N
t366,Solvgade 11,Drechselsgade 13,None,N
t1352,Vigerslev Venge 60,Borgbjergsvej 43,None,N
t459,Amalievej 1,Borgbjergsvej 43,None,N
t1360,Dronninglundvej 12,Albaniensgade 4,None,N
t438,Amalievej 1,Solvgade 11,None,N
t207,Nesbyholmvej 1,Esthersvej 34,1,Y
t1447,Westend 8,Esthersvej 34,None,N
t275,Halvtolv 19,Bispebjerg Bakke 22,None,N
t1532,Westend 8,Bygmestervej 59,None,N
t1408,Dronninglundvej 12,Amalievej 1,2,Y
t1508,Westend 8,Vigerslev Venge 60,2,Y
t887,Egirsgade 65,Soborg Hovedgade 88 /Carl Blochs Alle (p plads),None,N
t1166,Soborg Hovedgade 88 /Carl Blochs Alle (p plads),Westend 8,None,N
t1211,Borgbjergsvej 43,Halvtolv 19,None,N
t1202,Soborg Hovedgade 88 /Carl Blochs Alle (p plads),Westend 8,None,N
t1289,Vigerslev Venge 60,Solvgade 11,None,N
t181,Nesbyholmvej 1,Arne Jacobsens Alle 7,None,N
t1415,Dronninglundvej 12,Orientkaj 4,None,N
t1134,Soborg Hovedgade 88 /Carl Blochs Alle (p plads),Nesbyholmvej 1,4,Y
t785,Bygmestervej 59,Nesbyholmvej 1,2,Y
t479,Esthersvej 34,Amalievej 1,None,N
t206,Nesbyholmvej 1,Esthersvej 34,4,Y
t1423,Dronninglundvej 12,Arne Jacobsens Alle 7,None,N
t1387,Dronninglundvej 12,Frederik Vs Vej 13  (Rigshospital P huset),None,N
t1234,Borgbjergsvej 43,Soborg Hovedgade 88 /Carl Blochs Alle (p plads),None,N
t523,Esthersvej 34,Orientkaj 4,None,N
t434,Amalievej 1,Nesbyholmvej 1,2,Y
t74,Albaniensgade 4,Dronninglundvej 12,4,Y
t1305,Vigerslev Venge 60,Borups Plads (overfor Stefansgade 73),None,N
t380,Solvgade 11,Soborg Hovedgade 88 /Carl Blochs Alle (p plads),None,N
t578,Husumvej (overfor 131),Vigerslev Venge 60,None,N
t1206,Borgbjergsvej 43,Albaniensgade 4,4,Y
t614,Drechselsgade 13,Soborg Hovedgade 88 /Carl Blochs Alle (p plads),4,Y
t180,Nesbyholmvej 1,Arne Jacobsens Alle 7,None,N
t612,Drechselsgade 13,Frederik Vs Vej 13  (Rigshospital P huset),4,Y
t1151,Soborg Hovedgade 88 /Carl Blochs Alle (p plads),Egirsgade 65,None,N
t765,Bygmestervej 59,Arne Jacobsens Alle 7,None,N
t449,Amalievej 1,Egirsgade 65,None,N
t209,Nesbyholmvej 1,Drechselsgade 13,None,N
t980,Arne Jacobsens Alle 7,Nesbyholmvej 1,None,N
t559,Husumvej (overfor 131),Esthersvej 34,None,N
t646,Drechselsgade 13,Borups Plads (overfor Stefansgade 73),None,N
t1505,Westend 8,Borgbjergsvej 43,None,N
t895,Egirsgade 65,Westend 8,1,Y
t1368,Dronninglundvej 12,Solvgade 11,None,N
t1309,Vigerslev Venge 60,Frederik Vs Vej 13  (Rigshospital P huset),None,N
t263,Halvtolv 19,Soborg Hovedgade 88 /Carl Blochs Alle (p plads),None,N
t386,Solvgade 11,Dronninglundvej 12,None,N
t1141,Soborg Hovedgade 88 /Carl Blochs Alle (p plads),Esthersvej 34,2,Y
t809,Bygmestervej 59,Soborg Hovedgade 88 /Carl Blochs Alle (p plads),3,Y
t1438,Westend 8,Bispebjerg Bakke 22,None,N
t557,Husumvej (overfor 131),Amalievej 1,None,N
t382,Solvgade 11,Borgbjergsvej 43,None,N
t1422,Dronninglundvej 12,Arne Jacobsens Alle 7,None,N
t32,Albaniensgade 4,Vigerslev Venge 60,None,N
t1235,Borgbjergsvej 43,Soborg Hovedgade 88 /Carl Blochs Alle (p plads),None,N
t1413,Dronninglundvej 12,Drechselsgade 13,1,Y
t1218,Borgbjergsvej 43,Esthersvej 34,None,N
t493,Esthersvej 34,Arne Jacobsens Alle 7,None,N
t894,Egirsgade 65,Westend 8,None,N
t501,Esthersvej 34,Vigerslev Venge 60,None,N
t77,Albaniensgade 4,Westend 8,None,N
t1337,Vigerslev Venge 60,Orientkaj 4,None,N
t1396,Dronninglundvej 12,Westend 8,None,N
t1332,Vigerslev Venge 60,Esthersvej 34,None,N
t788,Bygmestervej 59,Solvgade 11,None,N
t611,Drechselsgade 13,Frederik Vs Vej 13  (Rigshospital P huset),None,N
t1286,Vigerslev Venge 60,Nesbyholmvej 1,None,N
t1318,Vigerslev Venge 60,Westend 8,None,N
t1159,Soborg Hovedgade 88 /Carl Blochs Alle (p plads),Borgbjergsvej 43,4,Y
t223,Nesbyholmvej 1,Soborg Hovedgade 88 /Carl Blochs Alle (p plads),2,Y
t946,Borups Plads (overfor Stefansgade 73),Amalievej 1,None,N
t526,Esthersvej 34,Bygmestervej 59,1,Y
t251,Halvtolv 19,Orientkaj 4,None,N
t140,Bispebjerg Bakke 22,Borups Plads (overfor Stefansgade 73),None,N
t124,Bispebjerg Bakke 22,Solvgade 11,None,N
t418,Amalievej 1,Soborg Hovedgade 88 /Carl Blochs Alle (p plads),None,N
t500,Esthersvej 34,Vigerslev Venge 60,None,N
t702,Orientkaj 4,Albaniensgade 4,None,N
t246,Halvtolv 19,Esthersvej 34,None,N
t245,Halvtolv 19,Esthersvej 34,None,N
t585,Drechselsgade 13,Albaniensgade 4,None,N
t854,Egirsgade 65,Dronninglundvej 12,None,N
t965,Borups Plads (overfor Stefansgade 73),Soborg Hovedgade 88 /Carl Blochs Alle (p plads),1,Y
t113,Bispebjerg Bakke 22,Dronninglundvej 12,3,Y
t1378,Dronninglundvej 12,Bygmestervej 59,1,Y
t361,Solvgade 11,Amalievej 1,None,N
t409,Amalievej 1,Bygmestervej 59,4,Y
t579,Husumvej (overfor 131),Vigerslev Venge 60,None,N
t1200,Soborg Hovedgade 88 /Carl Blochs Alle (p plads),Dronninglundvej 12,2,Y
t829,Egirsgade 65,Amalievej 1,None,N
t1293,Vigerslev Venge 60,Esthersvej 34,None,N
t1478,Westend 8,Nesbyholmvej 1,None,N
t54,Albaniensgade 4,Drechselsgade 13,4,Y
t1421,Dronninglundvej 12,Borups Plads (overfor Stefansgade 73),2,Y
t708,Orientkaj 4,Halvtolv 19,None,N
t773,Bygmestervej 59,Vigerslev Venge 60,None,N
t1429,Dronninglundvej 12,Borgbjergsvej 43,4,Y
t554,Husumvej (overfor 131),Solvgade 11,None,N
t215,Nesbyholmvej 1,Egirsgade 65,2,Y
t492,Esthersvej 34,Arne Jacobsens Alle 7,None,N
t486,Esthersvej 34,Bygmestervej 59,None,N
t331,Solvgade 11,Bygmestervej 59,None,N
t25,Albaniensgade 4,Arne Jacobsens Alle 7,None,N
t1319,Vigerslev Venge 60,Westend 8,None,N
t531,Esthersvej 34,Arne Jacobsens Alle 7,None,N
t1439,Westend 8,Nesbyholmvej 1,None,N
t1124,Frederik Vs Vej 13  (Rigshospital P huset),Dronninglundvej 12,None,N
t1186,Soborg Hovedgade 88 /Carl Blochs Alle (p plads),Bygmestervej 59,4,Y
t1242,Borgbjergsvej 43,Westend 8,None,N
t730,Orientkaj 4,Soborg Hovedgade 88 /Carl Blochs Alle (p plads),None,N
t1343,Vigerslev Venge 60,Borups Plads (overfor Stefansgade 73),None,N
t504,Esthersvej 34,Westend 8,None,N
t1522,Westend 8,Solvgade 11,None,N
t786,Bygmestervej 59,Halvtolv 19,None,N
t332,Solvgade 11,Egirsgade 65,None,N
t1194,Soborg Hovedgade 88 /Carl Blochs Alle (p plads),Frederik Vs Vej 13  (Rigshospital P huset),None,N
t226,Nesbyholmvej 1,Borgbjergsvej 43,None,N
t1534,Westend 8,Egirsgade 65,None,N
t1132,Soborg Hovedgade 88 /Carl Blochs Alle (p plads),Bispebjerg Bakke 22,1,Y
t698,Orientkaj 4,Dronninglundvej 12,4,Y
t756,Bygmestervej 59,Drechselsgade 13,None,N
t1342,Vigerslev Venge 60,Egirsgade 65,None,N
t1374,Dronninglundvej 12,Drechselsgade 13,None,N
t1370,Dronninglundvej 12,Amalievej 1,None,N
t717,Orientkaj 4,Drechselsgade 13,None,N
t1299,Vigerslev Venge 60,Orientkaj 4,None,N
t132,Bispebjerg Bakke 22,Drechselsgade 13,None,N
t1275,Borgbjergsvej 43,Vigerslev Venge 60,None,N
t1385,Dronninglundvej 12,Arne Jacobsens Alle 7,None,N
t549,Husumvej (overfor 131),Bispebjerg Bakke 22,3,Y
t1272,Borgbjergsvej 43,Soborg Hovedgade 88 /Carl Blochs Alle (p plads),2,Y
t354,Solvgade 11,Bispebjerg Bakke 22,None,N
t692,Orientkaj 4,Soborg Hovedgade 88 /Carl Blochs Alle (p plads),None,N
t110,Bispebjerg Bakke 22,Vigerslev Venge 60,None,N
t795,Bygmestervej 59,Drechselsgade 13,None,N
t491,Esthersvej 34,Borups Plads (overfor Stefansgade 73),None,N
t432,Amalievej 1,Bispebjerg Bakke 22,None,N
t328,Solvgade 11,Orientkaj 4,None,N
t620,Drechselsgade 13,Dronninglundvej 12,3,Y
t343,Solvgade 11,Borgbjergsvej 43,None,N
t601,Drechselsgade 13,Orientkaj 4,None,N
t1481,Westend 8,Halvtolv 19,None,N
t358,Solvgade 11,Halvtolv 19,None,N
t49,Albaniensgade 4,Amalievej 1,None,N
t177,Nesbyholmvej 1,Egirsgade 65,None,N
t1449,Westend 8,Husumvej (overfor 131),None,N
t1108,Frederik Vs Vej 13  (Rigshospital P huset),Orientkaj 4,4,Y
t944,Borups Plads (overfor Stefansgade 73),Solvgade 11,None,N
t1381,Dronninglundvej 12,Egirsgade 65,None,N
t19,Albaniensgade 4,Bygmestervej 59,2,Y
t836,Egirsgade 65,Orientkaj 4,None,N
t1356,Vigerslev Venge 60,Westend 8,None,N
t1361,Dronninglundvej 12,Bispebjerg Bakke 22,None,N
t1474,Westend 8,Albaniensgade 4,None,N
t1376,Dronninglundvej 12,Orientkaj 4,None,N
t134,Bispebjerg Bakke 22,Orientkaj 4,2,Y
t656,Drechselsgade 13,Vigerslev Venge 60,None,N
t458,Amalievej 1,Soborg Hovedgade 88 /Carl Blochs Alle (p plads),1,Y
t724,Orientkaj 4,Borups Plads (overfor Stefansgade 73),None,N
t18,Albaniensgade 4,Bygmestervej 59,1,Y
t46,Albaniensgade 4,Solvgade 11,None,N
t1254,Borgbjergsvej 43,Amalievej 1,1,Y
t858,Egirsgade 65,Albaniensgade 4,None,N
t525,Esthersvej 34,Bygmestervej 59,1,Y
t348,Solvgade 11,Westend 8,None,N
t694,Orientkaj 4,Borgbjergsvej 43,None,N
t886,Egirsgade 65,Soborg Hovedgade 88 /Carl Blochs Alle (p plads),None,N
t576,Husumvej (overfor 131),Borgbjergsvej 43,None,N
t745,Bygmestervej 59,Nesbyholmvej 1,None,N
t1198,Soborg Hovedgade 88 /Carl Blochs Alle (p plads),Vigerslev Venge 60,None,N
t56,Albaniensgade 4,Orientkaj 4,None,N
t810,Bygmestervej 59,Borgbjergsvej 43,None,N
t464,Amalievej 1,Dronninglundvej 12,None,N
t1227,Borgbjergsvej 43,Egirsgade 65,None,N
t278,Halvtolv 19,Nesbyholmvej 1,4,Y
t630,Drechselsgade 13,Halvtolv 19,None,N
t837,Egirsgade 65,Orientkaj 4,None,N
t1499,Westend 8,Arne Jacobsens Alle 7,None,N
t728,Orientkaj 4,Frederik Vs Vej 13  (Rigshospital P huset),1,Y
t1262,Borgbjergsvej 43,Bygmestervej 59,3,Y
t446,Amalievej 1,Orientkaj 4,None,N
t1354,Vigerslev Venge 60,Dronninglundvej 12,None,N
t713,Orientkaj 4,Amalievej 1,None,N
t892,Egirsgade 65,Dronninglundvej 12,None,N
t1316,Vigerslev Venge 60,Dronninglundvej 12,1,Y
t33,Albaniensgade 4,Vigerslev Venge 60,None,N
t609,Drechselsgade 13,Arne Jacobsens Alle 7,None,N
t1126,Frederik Vs Vej 13  (Rigshospital P huset),Westend 8,2,Y
t834,Egirsgade 65,Drechselsgade 13,None,N
t993,Arne Jacobsens Alle 7,Orientkaj 4,None,N
t681,Orientkaj 4,Bygmestervej 59,2,Y
t545,Esthersvej 34,Westend 8,None,N
t711,Orientkaj 4,Solvgade 11,None,N
t687,Orientkaj 4,Arne Jacobsens Alle 7,None,N
t727,Orientkaj 4,Arne Jacobsens Alle 7,None,N
t1093,Frederik Vs Vej 13  (Rigshospital P huset),Bispebjerg Bakke 22,None,N
t26,Albaniensgade 4,Frederik Vs Vej 13  (Rigshospital P huset),None,N
t231,Nesbyholmvej 1,Westend 8,None,N
t548,Husumvej (overfor 131),Bispebjerg Bakke 22,1,Y
t599,Drechselsgade 13,Husumvej (overfor 131),1,Y
t433,Amalievej 1,Nesbyholmvej 1,None,N
t1322,Vigerslev Venge 60,Bispebjerg Bakke 22,None,N
t399,Amalievej 1,Solvgade 11,None,N
t540,Esthersvej 34,Vigerslev Venge 60,None,N
t1095,Frederik Vs Vej 13  (Rigshospital P huset),Nesbyholmvej 1,None,N
t405,Amalievej 1,Drechselsgade 13,None,N
t456,Amalievej 1,Frederik Vs Vej 13  (Rigshospital P huset),None,N
t603,Drechselsgade 13,Bygmestervej 59,None,N
t1264,Borgbjergsvej 43,Egirsgade 65,None,N
t816,Bygmestervej 59,Westend 8,None,N
t883,Egirsgade 65,Arne Jacobsens Alle 7,None,N
t1507,Westend 8,Vigerslev Venge 60,None,N
t1515,Westend 8,Bispebjerg Bakke 22,None,N
t1450,Westend 8,Drechselsgade 13,None,N
t753,Bygmestervej 59,Esthersvej 34,4,Y
t406,Amalievej 1,Orientkaj 4,None,N
t312,Solvgade 11,Albaniensgade 4,None,N
t1143,Soborg Hovedgade 88 /Carl Blochs Alle (p plads),Husumvej (overfor 131),1,Y
t777,Bygmestervej 59,Westend 8,None,N
t770,Bygmestervej 59,Soborg Hovedgade 88 /Carl Blochs Alle (p plads),2,Y
t1240,Borgbjergsvej 43,Westend 8,2,Y
t873,Egirsgade 65,Drechselsgade 13,None,N
t326,Solvgade 11,Drechselsgade 13,None,N
t826,Egirsgade 65,Halvtolv 19,None,N
t234,Halvtolv 19,Albaniensgade 4,None,N
t1269,Borgbjergsvej 43,Arne Jacobsens Alle 7,None,N
t1201,Soborg Hovedgade 88 /Carl Blochs Alle (p plads),Dronninglundvej 12,3,Y
t376,Solvgade 11,Arne Jacobsens Alle 7,None,N
t293,Halvtolv 19,Egirsgade 65,None,N
t38,Albaniensgade 4,Westend 8,None,N
t364,Solvgade 11,Husumvej (overfor 131),None,N
t855,Egirsgade 65,Westend 8,None,N
t1246,Borgbjergsvej 43,Bispebjerg Bakke 22,None,N
t1543,Westend 8,Soborg Hovedgade 88 /Carl Blochs Alle (p plads),None,N
t1154,Soborg Hovedgade 88 /Carl Blochs Alle (p plads),Arne Jacobsens Alle 7,None,N
t986,Arne Jacobsens Alle 7,Amalievej 1,None,N
t298,Halvtolv 19,Arne Jacobsens Alle 7,None,N
t828,Egirsgade 65,Solvgade 11,None,N
t1140,Soborg Hovedgade 88 /Carl Blochs Alle (p plads),Amalievej 1,4,Y
t1456,Westend 8,Egirsgade 65,None,N
t15,Albaniensgade 4,Drechselsgade 13,None,N
t1292,Vigerslev Venge 60,Amalievej 1,None,N
t1278,Borgbjergsvej 43,Westend 8,None,N
t1407,Dronninglundvej 12,Amalievej 1,None,N
t950,Borups Plads (overfor Stefansgade 73),Husumvej (overfor 131),None,N
t1221,Borgbjergsvej 43,Drechselsgade 13,None,N
t1398,Dronninglundvej 12,Albaniensgade 4,4,Y
t1489,Westend 8,Drechselsgade 13,None,N
t496,Esthersvej 34,Soborg Hovedgade 88 /Carl Blochs Alle (p plads),3,Y
t695,Orientkaj 4,Vigerslev Venge 60,None,N
t566,Husumvej (overfor 131),Egirsgade 65,2,Y
t648,Drechselsgade 13,Arne Jacobsens Alle 7,None,N
t1380,Dronninglundvej 12,Egirsgade 65,None,N
t1451,Westend 8,Drechselsgade 13,1,Y
t586,Drechselsgade 13,Albaniensgade 4,2,Y
t106,Bispebjerg Bakke 22,Soborg Hovedgade 88 /Carl Blochs Alle (p plads),4,Y
t120,Bispebjerg Bakke 22,Nesbyholmvej 1,None,N
t5,Albaniensgade 4,Halvtolv 19,None,N
t43,Albaniensgade 4,Nesbyholmvej 1,4,Y
t53,Albaniensgade 4,Drechselsgade 13,3,Y
t398,Amalievej 1,Solvgade 11,None,N
t994,Arne Jacobsens Alle 7,Bygmestervej 59,None,N
t4,Albaniensgade 4,Nesbyholmvej 1,None,N
t165,Nesbyholmvej 1,Amalievej 1,None,N
t1355,Vigerslev Venge 60,Dronninglundvej 12,None,N
t158,Nesbyholmvej 1,Bispebjerg Bakke 22,None,N
t93,Bispebjerg Bakke 22,Drechselsgade 13,None,N
t1340,Vigerslev Venge 60,Bygmestervej 59,None,N
t214,Nesbyholmvej 1,Bygmestervej 59,4,Y
t1426,Dronninglundvej 12,Soborg Hovedgade 88 /Carl Blochs Alle (p plads),4,Y
t1333,Vigerslev Venge 60,Esthersvej 34,1,Y
t960,Borups Plads (overfor Stefansgade 73),Arne Jacobsens Alle 7,None,N
t584,Husumvej (overfor 131),Westend 8,1,Y
t111,Bispebjerg Bakke 22,Vigerslev Venge 60,None,N
t598,Drechselsgade 13,Esthersvej 34,None,N
t650,Drechselsgade 13,Frederik Vs Vej 13  (Rigshospital P huset),None,N
t615,Drechselsgade 13,Borgbjergsvej 43,None,N
t1452,Westend 8,Orientkaj 4,None,N
t696,Orientkaj 4,Vigerslev Venge 60,None,N
t701,Orientkaj 4,Westend 8,None,N
t283,Halvtolv 19,Amalievej 1,None,N
t971,Borups Plads (overfor Stefansgade 73),Dronninglundvej 12,1,Y
t814,Bygmestervej 59,Dronninglundvej 12,None,N
t342,Solvgade 11,Borgbjergsvej 43,None,N
t851,Egirsgade 65,Vigerslev Venge 60,None,N
t817,Bygmestervej 59,Westend 8,None,N
t1394,Dronninglundvej 12,Westend 8,None,N
t489,Esthersvej 34,Egirsgade 65,None,N
t977,Arne Jacobsens Alle 7,Bispebjerg Bakke 22,None,N
t1110,Frederik Vs Vej 13  (Rigshospital P huset),Bygmestervej 59,None,N
t1160,Soborg Hovedgade 88 /Carl Blochs Alle (p plads),Vigerslev Venge 60,None,N
t211,Nesbyholmvej 1,Orientkaj 4,None,N
t544,Esthersvej 34,Westend 8,None,N
t815,Bygmestervej 59,Dronninglundvej 12,None,N
t1276,Borgbjergsvej 43,Dronninglundvej 12,1,Y
t582,Husumvej (overfor 131),Westend 8,None,N
t344,Solvgade 11,Vigerslev Venge 60,None,N
t1245,Borgbjergsvej 43,Bispebjerg Bakke 22,None,N
t926,Borups Plads (overfor Stefansgade 73),Soborg Hovedgade 88 /Carl Blochs Alle (p plads),None,N
t48,Albaniensgade 4,Amalievej 1,2,Y
t937,Borups Plads (overfor Stefansgade 73),Albaniensgade 4,4,Y
t9,Albaniensgade 4,Amalievej 1,None,N
t868,Egirsgade 65,Amalievej 1,None,N
t931,Borups Plads (overfor Stefansgade 73),Dronninglundvej 12,2,Y
t92,Bispebjerg Bakke 22,Drechselsgade 13,None,N
t139,Bispebjerg Bakke 22,Borups Plads (overfor Stefansgade 73),None,N
t304,Halvtolv 19,Borgbjergsvej 43,None,N
t522,Esthersvej 34,Drechselsgade 13,None,N
t316,Solvgade 11,Nesbyholmvej 1,None,N
t565,Husumvej (overfor 131),Bygmestervej 59,None,N
t664,Orientkaj 4,Albaniensgade 4,None,N
t546,Husumvej (overfor 131),Albaniensgade 4,None,N
t645,Drechselsgade 13,Egirsgade 65,None,N
t749,Bygmestervej 59,Solvgade 11,None,N
t347,Solvgade 11,Dronninglundvej 12,None,N
t1082,Frederik Vs Vej 13  (Rigshospital P huset),Borgbjergsvej 43,None,N
t420,Amalievej 1,Borgbjergsvej 43,None,N
t395,Amalievej 1,Nesbyholmvej 1,None,N
t1536,Westend 8,Borups Plads (overfor Stefansgade 73),None,N
t1427,Dronninglundvej 12,Soborg Hovedgade 88 /Carl Blochs Alle (p plads),4,Y
t755,Bygmestervej 59,Husumvej (overfor 131),4,Y
t1418,Dronninglundvej 12,Egirsgade 65,4,Y
t833,Egirsgade 65,Husumvej (overfor 131),None,N
t12,Albaniensgade 4,Esthersvej 34,None,N
t76,Albaniensgade 4,Westend 8,None,N
t212,Nesbyholmvej 1,Orientkaj 4,None,N
t194,Nesbyholmvej 1,Westend 8,None,N
t1239,Borgbjergsvej 43,Dronninglundvej 12,None,N
t72,Albaniensgade 4,Vigerslev Venge 60,None,N
t1397,Dronninglundvej 12,Albaniensgade 4,2,Y
t192,Nesbyholmvej 1,Westend 8,None,N
t1096,Frederik Vs Vej 13  (Rigshospital P huset),Nesbyholmvej 1,2,Y
t1513,Westend 8,Albaniensgade 4,None,N
t1268,Borgbjergsvej 43,Arne Jacobsens Alle 7,None,N
t484,Esthersvej 34,Orientkaj 4,None,N
t1390,Dronninglundvej 12,Borgbjergsvej 43,None,N
t1412,Dronninglundvej 12,Drechselsgade 13,4,Y
t1495,Westend 8,Egirsgade 65,None,N
t8,Albaniensgade 4,Solvgade 11,None,N
t203,Nesbyholmvej 1,Solvgade 11,None,N
t423,Amalievej 1,Vigerslev Venge 60,None,N
t939,Borups Plads (overfor Stefansgade 73),Bispebjerg Bakke 22,None,N
t21,Albaniensgade 4,Egirsgade 65,None,N
t1514,Westend 8,Albaniensgade 4,None,N
t1222,Borgbjergsvej 43,Orientkaj 4,None,N
t1324,Vigerslev Venge 60,Nesbyholmvej 1,None,N
t1417,Dronninglundvej 12,Bygmestervej 59,2,Y
t605,Drechselsgade 13,Egirsgade 65,None,N
t196,Nesbyholmvej 1,Albaniensgade 4,1,Y
t193,Nesbyholmvej 1,Westend 8,None,N
t1223,Borgbjergsvej 43,Orientkaj 4,None,N
t149,Bispebjerg Bakke 22,Vigerslev Venge 60,None,N
t608,Drechselsgade 13,Borups Plads (overfor Stefansgade 73),None,N
t164,Nesbyholmvej 1,Solvgade 11,None,N
t417,Amalievej 1,Frederik Vs Vej 13  (Rigshospital P huset),None,N
t572,Husumvej (overfor 131),Frederik Vs Vej 13  (Rigshospital P huset),None,N
t1175,Soborg Hovedgade 88 /Carl Blochs Alle (p plads),Solvgade 11,3,Y
t875,Egirsgade 65,Orientkaj 4,None,N
t898,Borups Plads (overfor Stefansgade 73),Albaniensgade 4,None,N
t248,Halvtolv 19,Drechselsgade 13,None,N
t451,Amalievej 1,Borups Plads (overfor Stefansgade 73),None,N
t73,Albaniensgade 4,Dronninglundvej 12,None,N
t20,Albaniensgade 4,Egirsgade 65,None,N
t306,Halvtolv 19,Vigerslev Venge 60,None,N
t317,Solvgade 11,Nesbyholmvej 1,None,N
t511,Esthersvej 34,Nesbyholmvej 1,None,N
t1296,Vigerslev Venge 60,Drechselsgade 13,None,N
t952,Borups Plads (overfor Stefansgade 73),Drechselsgade 13,None,N
t457,Amalievej 1,Soborg Hovedgade 88 /Carl Blochs Alle (p plads),1,Y
t37,Albaniensgade 4,Westend 8,None,N
t1533,Westend 8,Bygmestervej 59,None,N
t403,Amalievej 1,Husumvej (overfor 131),2,Y
t101,Bispebjerg Bakke 22,Borups Plads (overfor Stefansgade 73),4,Y
t1350,Vigerslev Venge 60,Soborg Hovedgade 88 /Carl Blochs Alle (p plads),None,N
t633,Drechselsgade 13,Solvgade 11,4,Y
t1491,Westend 8,Orientkaj 4,4,Y
t1501,Westend 8,Frederik Vs Vej 13  (Rigshospital P huset),None,N
t848,Egirsgade 65,Soborg Hovedgade 88 /Carl Blochs Alle (p plads),1,Y
t746,Bygmestervej 59,Nesbyholmvej 1,4,Y
t1217,Borgbjergsvej 43,Esthersvej 34,None,N
t1525,Westend 8,Esthersvej 34,None,N
t1277,Borgbjergsvej 43,Dronninglundvej 12,3,Y
t910,Borups Plads (overfor Stefansgade 73),Esthersvej 34,None,N
t68,Albaniensgade 4,Soborg Hovedgade 88 /Carl Blochs Alle (p plads),None,N
t985,Arne Jacobsens Alle 7,Amalievej 1,None,N
t707,Orientkaj 4,Nesbyholmvej 1,None,N
t462,Amalievej 1,Vigerslev Venge 60,None,N
t1519,Westend 8,Halvtolv 19,None,N
t1224,Borgbjergsvej 43,Bygmestervej 59,None,N
t676,Orientkaj 4,Esthersvej 34,None,N
t352,Solvgade 11,Albaniensgade 4,None,N
t65,Albaniensgade 4,Frederik Vs Vej 13  (Rigshospital P huset),None,N
t768,Bygmestervej 59,Frederik Vs Vej 13  (Rigshospital P huset),None,N
t1086,Frederik Vs Vej 13  (Rigshospital P huset),Dronninglundvej 12,None,N
vehicle_id,loc_css
sv0,Nesbyholmvej 1
sv1,Soborg Hovedgade 88 /Carl Blochs Alle (p plads)
sv2,Soborg Hovedgade 88 /Carl Blochs Alle (p plads)
sv3,Bygmestervej 59
sv4,Bygmestervej 59
sv5,Westend 8
sv6,Drechselsgade 13
sv7,Albaniensgade 4
sv8,Bygmestervej 59
sv9,Bispebjerg Bakke 22
sv10,Bygmestervej 59
sv11,Albaniensgade 4
sv12,Bygmestervej 59
sv13,Westend 8
sv14,Westend 8
sv15,Albaniensgade 4
sv16,Husumvej (overfor 131)
sv17,Albaniensgade 4
sv18,Nesbyholmvej 1
sv19,Orientkaj 4
sv20,Soborg Hovedgade 88 /Carl Blochs Alle (p plads)
sv21,Borups Plads (overfor Stefansgade 73)
sv22,Amalievej 1
sv23,Drechselsgade 13
sv24,Egirsgade 65
sv25,Amalievej 1
sv26,Bygmestervej 59
sv27,Halvtolv 19
sv28,Orientkaj 4
sv29,Husumvej (overfor 131)
sv30,Borups Plads (overfor Stefansgade 73)
sv31,Soborg Hovedgade 88 /Carl Blochs Alle (p plads)
sv32,Orientkaj 4
sv33,Orientkaj 4
sv34,Nesbyholmvej 1
sv35,Husumvej (overfor 131)
sv36,Bispebjerg Bakke 22
sv37,Albaniensgade 4
sv38,Nesbyholmvej 1
sv39,Dronninglundvej 12
sv40,Esthersvej 34
sv41,Westend 8
sv42,Drechselsgade 13
sv43,Orientkaj 4
sv44,Bygmestervej 59
sv45,Esthersvej 34
sv46,Bispebjerg Bakke 22
sv47,Albaniensgade 4
sv48,Westend 8
sv49,Albaniensgade 4
sv50,Westend 8
sv51,Drechselsgade 13
sv52,Borups Plads (overfor Stefansgade 73)
sv53,Soborg Hovedgade 88 /Carl Blochs Alle (p plads)
sv54,Dronninglundvej 12
sv55,Drechselsgade 13
sv56,Westend 8
sv57,Dronninglundvej 12
sv58,Albaniensgade 4
sv59,Esthersvej 34
sv60,Bygmestervej 59
sv61,Westend 8
sv62,Drechselsgade 13
sv63,Bygmestervej 59
sv64,Nesbyholmvej 1
sv65,Vigerslev Venge 60
sv66,Bispebjerg Bakke 22
sv67,Egirsgade 65
sv68,Bygmestervej 59
sv69,Drechselsgade 13
sv70,Bispebjerg Bakke 22
sv71,Halvtolv 19
sv72,Bygmestervej 59
sv73,Borgbjergsvej 43
sv74,Arne Jacobsens Alle 7
sv75,Arne Jacobsens Alle 7
sv76,Westend 8
sv77,Borups Plads (overfor Stefansgade 73)
sv78,Bygmestervej 59
sv79,Egirsgade 65
sv80,Vigerslev Venge 60
sv81,Nesbyholmvej 1
sv82,Bygmestervej 59
sv83,Dronninglundvej 12
sv84,Frederik Vs Vej 13  (Rigshospital P huset)
sv85,Amalievej 1
sv86,Borups Plads (overfor Stefansgade 73)
sv87,Nesbyholmvej 1
sv88,Husumvej (overfor 131)
sv89,Esthersvej 34
sv90,Vigerslev Venge 60
sv91,Bygmestervej 59
sv92,Halvtolv 19
sv93,Nesbyholmvej 1
sv94,Husumvej (overfor 131)
sv95,Esthersvej 34
sv96,Westend 8
sv97,Westend 8
sv98,Frederik Vs Vej 13  (Rigshospital P huset)
sv99,Nesbyholmvej 1
sv100,Drechselsgade 13
sv101,Albaniensgade 4
sv102,Bispebjerg Bakke 22
sv103,Albaniensgade 4
sv104,Amalievej 1
sv105,Borgbjergsvej 43
sv106,Borups Plads (overfor Stefansgade 73)
sv107,Esthersvej 34
sv108,Egirsgade 65
sv109,Borups Plads (overfor Stefansgade 73)
sv110,Dronninglundvej 12
sv111,Amalievej 1
sv112,Husumvej (overfor 131)
sv113,Borgbjergsvej 43
sv114,Dronninglundvej 12
sv115,Dronninglundvej 12
sv116,Borups Plads (overfor Stefansgade 73)
sv117,Soborg Hovedgade 88 /Carl Blochs Alle (p plads)
sv118,Drechselsgade 13
sv119,Amalievej 1
sv120,Drechselsgade 13
sv121,Westend 8
sv122,Albaniensgade 4
sv123,Drechselsgade 13
sv124,Orientkaj 4
sv125,Albaniensgade 4
sv126,Orientkaj 4
sv127,Halvtolv 19
sv128,Westend 8
sv129,Dronninglundvej 12
sv130,Amalievej 1
sv131,Soborg Hovedgade 88 /Carl Blochs Alle (p plads)
sv132,Orientkaj 4
sv133,Drechselsgade 13
sv134,Borups Plads (overfor Stefansgade 73)
sv135,Egirsgade 65
sv136,Soborg Hovedgade 88 /Carl Blochs Alle (p plads)
sv137,Frederik Vs Vej 13  (Rigshospital P huset)
sv138,Orientkaj 4
sv139,Borups Plads (overfor Stefansgade 73)
sv140,Bygmestervej 59
sv141,Esthersvej 34
sv142,Borups Plads (overfor Stefansgade 73)
sv143,Dronninglundvej 12
sv144,Borgbjergsvej 43
sv145,Albaniensgade 4
sv146,Husumvej (overfor 131)
sv147,Frederik Vs Vej 13  (Rigshospital P huset)
sv148,Esthersvej 34
sv149,Amalievej 1
sv150,Bispebjerg Bakke 22
sv151,Soborg Hovedgade 88 /Carl Blochs Alle (p plads)
sv152,Vigerslev Venge 60
sv153,Borups Plads (overfor Stefansgade 73)
sv154,Amalievej 1
sv155,Borgbjergsvej 43
sv156,Halvtolv 19
sv157,Bispebjerg Bakke 22
sv158,Soborg Hovedgade 88 /Carl Blochs Alle (p plads)
sv159,Orientkaj 4
sv160,Soborg Hovedgade 88 /Carl Blochs Alle (p plads)
sv161,Borgbjergsvej 43
sv162,Westend 8
sv163,Frederik Vs Vej 13  (Rigshospital P huset)
sv164,Borgbjergsvej 43
sv165,Dronninglundvej 12
sv166,Soborg Hovedgade 88 /Carl Blochs Alle (p plads)
sv167,Bygmestervej 59
sv168,Husumvej (overfor 131)
sv169,Bispebjerg Bakke 22
sv170,Nesbyholmvej 1
sv171,Egirsgade 65
sv172,Esthersvej 34
sv173,Borups Plads (overfor Stefansgade 73)
sv174,Halvtolv 19
sv175,Dronninglundvej 12
sv176,Nesbyholmvej 1
sv177,Esthersvej 34
sv178,Westend 8
sv179,Halvtolv 19
sv180,Egirsgade 65
sv181,Husumvej (overfor 131)
sv182,Egirsgade 65
sv183,Dronninglundvej 12
sv184,Bygmestervej 59
sv185,Nesbyholmvej 1
sv186,Borgbjergsvej 43
sv187,Westend 8
sv188,Bygmestervej 59
sv189,Amalievej 1
sv190,Nesbyholmvej 1
sv191,Esthersvej 34
sv192,Westend 8
sv193,Orientkaj 4
sv194,Amalievej 1
sv195,Esthersvej 34
sv196,Bispebjerg Bakke 22
sv197,Dronninglundvej 12
sv198,Westend 8
sv199,Borgbjergsvej 43
sv200,Drechselsgade 13
sv201,Frederik Vs Vej 13  (Rigshospital P huset)
sv202,Drechselsgade 13
sv203,Bispebjerg Bakke 22
sv204,Vigerslev Venge 60
sv205,Vigerslev Venge 60
sv206,Orientkaj 4
sv207,Solvgade 11
sv208,Orientkaj 4
sv209,Dronninglundvej 12
sv210,Borgbjergsvej 43
sv211,Arne Jacobsens Alle 7
sv212,Drechselsgade 13
sv213,Husumvej (overfor 131)
sv214,Albaniensgade 4
sv215,Bygmestervej 59
sv216,Solvgade 11
sv217,Orientkaj 4
sv218,Esthersvej 34
sv219,Borups Plads (overfor Stefansgade 73)
sv220,Husumvej (overfor 131)
sv221,Soborg Hovedgade 88 /Carl Blochs Alle (p plads)
sv222,Amalievej 1
sv223,Solvgade 11
sv224,Bygmestervej 59
sv225,Westend 8
sv226,Borgbjergsvej 43
sv227,Solvgade 11
sv228,Nesbyholmvej 1
sv229,Drechselsgade 13
sv230,Drechselsgade 13
sv231,Westend 8
sv232,Esthersvej 34
sv233,Bispebjerg Bakke 22
sv234,Husumvej (overfor 131)
sv235,Bispebjerg Bakke 22
sv236,Vigerslev Venge 60
sv237,Dronninglundvej 12
sv238,Drechselsgade 13
sv239,Nesbyholmvej 1
sv240,Esthersvej 34
sv241,Westend 8
sv242,Borups Plads (overfor Stefansgade 73)
sv243,Orientkaj 4
sv244,Borgbjergsvej 43
sv245,Husumvej (overfor 131)
sv246,Esthersvej 34
sv247,Esthersvej 34
sv248,Dronninglundvej 12
sv249,Bispebjerg Bakke 22
sv250,Egirsgade 65
sv251,Albaniensgade 4
sv252,Bygmestervej 59
sv253,Nesbyholmvej 1
sv254,Nesbyholmvej 1
sv255,Drechselsgade 13
sv256,Orientkaj 4
sv257,Dronninglundvej 12
sv258,Westend 8
sv259,Orientkaj 4
sv260,Husumvej (overfor 131)
sv261,Nesbyholmvej 1
sv262,Dronninglundvej 12
sv263,Borups Plads (overfor Stefansgade 73)
sv264,Dronninglundvej 12
sv265,Albaniensgade 4
sv266,Drechselsgade 13
sv267,Dronninglundvej 12
sv268,Arne Jacobsens Alle 7
sv269,Vigerslev Venge 60
sv270,Arne Jacobsens Alle 7
sv271,Borups Plads (overfor Stefansgade 73)
sv272,Westend 8
sv273,Esthersvej 34
sv274,Orientkaj 4
sv275,Westend 8
sv276,Orientkaj 4
sv277,Dronninglundvej 12
sv278,Amalievej 1
sv279,Bispebjerg Bakke 22
sv280,Bygmestervej 59
sv281,Westend 8
sv282,Soborg Hovedgade 88 /Carl Blochs Alle (p plads)
sv283,Nesbyholmvej 1
sv284,Dronninglundvej 12
sv285,Egirsgade 65
sv286,Amalievej 1
sv287,Drechselsgade 13
sv288,Borups Plads (overfor Stefansgade 73)
sv289,Borups Plads (overfor Stefansgade 73)
sv290,Vigerslev Venge 60
sv291,Soborg Hovedgade 88 /Carl Blochs Alle (p plads)
sv292,Bygmestervej 59
sv293,Bispebjerg Bakke 22
sv294,Husumvej (overfor 131)
sv295,Soborg Hovedgade 88 /Carl Blochs Alle (p plads)
sv296,Nesbyholmvej 1
sv297,Bygmestervej 59
sv298,Egirsgade 65
sv299,Albaniensgade 4
